Title,Company,Career,academic,Location,Type,Skill,Address,Company_link,Title_link,S_day,D_day
"기술지원 (역설계, 3D모델링, 3D스캐너, 3차원측정)",㈜비전테크,신입·경력3년↑,초대졸↑,서울 서초구 외,정규직 외,"3D CAD, 2D CAD","서울 강서구 양천로 401 (가양동, 강서한강자이타워) ",https://www.jobkorea.co.kr/Recruit/Co_Read/C/158583,https://www.jobkorea.co.kr/Recruit/GI_Read/44730428?rPageCode=SL&logpath=21&sn=6,2024.05.21(화),2024.05.31(금)
각 분야별 신입경력 모집 (영업부/기술지원부/연구개발부),㈜바올테크,신입·경력,학력무관,서울 금천구 외,정규직,"성실성, 윤리의식,                                     적응성",서울 금천구 가산동 327-32 대륭테크노타운 12차 818호,https://www.jobkorea.co.kr/Recruit/Co_Read/C/70517,https://www.jobkorea.co.kr/Recruit/GI_Read/44693329?rPageCode=SL&logpath=21&sn=6,2024.05.16(목),2024.06.15(토)
2024 상반기 공개채용(마케팅/영업/CS/개발/사업기획/영어강사),㈜에듀클라우드,신입·경력,학력무관,서울 금천구 외,정규직,"계획성, 협동심,                                     꼼꼼함, 적응성",서울 금천구 가산디지털2로 101 (가산동) 한라원앤원타워 1101호 (주)에듀클라우드,https://www.jobkorea.co.kr/Recruit/Co_Read/C/35869759,https://www.jobkorea.co.kr/Recruit/GI_Read/44713543?rPageCode=SL&logpath=21&sn=6,2024.05.20(월),2024.06.18(화)
AI 혁신 우수인재 채용 [DATA분야],㈜케이티,신입·경력3년↑,대졸↑,서울 서초구 외,정규직,"C++, JAVA, Kafka, Python, R, Spark, SQL, Hive, DL","서울 종로구 종로3길 33 (청진동, KT 광화문빌딩 East) KT",https://www.jobkorea.co.kr/Recruit/Co_Read/C/610109,https://www.jobkorea.co.kr/Recruit/GI_Read/44700232?rPageCode=SL&logpath=21&sn=6,2024.05.17(금),2024.06.02(일)
AI 혁신 우수인재 채용 [AI분야],㈜케이티,경력3년↑,대졸↑,서울 서초구 외,정규직,"AWS, C, C++, JAVA, Python","서울 종로구 종로3길 33 (청진동, KT 광화문빌딩 East) KT",https://www.jobkorea.co.kr/Recruit/Co_Read/C/610109,https://www.jobkorea.co.kr/Recruit/GI_Read/44700465?rPageCode=SL&logpath=21&sn=6,2024.05.17(금),2024.06.02(일)
AI 혁신 우수인재 채용 [IT분야],㈜케이티,신입·경력3년↑,대졸↑,서울,정규직,"JAVA, JSP, MSA, NoSQL, Spring, SQL, Spring Framework, Cloud, DBMS, Restful API","서울 종로구 종로3길 33 (청진동, KT 광화문빌딩 East) KT",https://www.jobkorea.co.kr/Recruit/Co_Read/C/610109,https://www.jobkorea.co.kr/Recruit/GI_Read/44700202?rPageCode=SL&logpath=21&sn=6,2024.05.17(금),2024.06.02(일)
2024 기아 5월 경력 채용 생산/품질 부문,기아㈜,경력,대졸↑,서울 서초구 외,정규직,"Python, Pytorch, R, CAD, Excel, PowerPoint, CAE, CAM, DBMS, Microsoft Office","서울 서초구 헌릉로 12 (양재동, 현대기아자동차빌딩) ",https://www.jobkorea.co.kr/Recruit/Co_Read/C/153806,https://www.jobkorea.co.kr/Recruit/GI_Read/44653887?rPageCode=SL&logpath=21&sn=6,2024.05.16(목),2024.05.29(수)
㈜아이센스 상반기 신입 및 경력 대규모 채용,㈜아이센스,신입·경력,초대졸↑,서울 서초구 외,정규직,,"서울 서초구 반포대로28길 43 (서초동, 아이센스빌딩) (주)아이센스 빌딩",https://www.jobkorea.co.kr/Recruit/Co_Read/C/31661,https://www.jobkorea.co.kr/Recruit/GI_Read/44609085?rPageCode=SL&logpath=21&sn=6,2024.05.10(금),2024.06.09(일)
[스마트라이프텍㈜] 2024년 상반기 각 부문별 신입 / 경력직 채용,스마트라이프텍㈜,신입·경력1년↑,학력무관,서울 금천구 외,정규직,,"서울 금천구 가산디지털1로 145 (가산동, 에이스하이엔드타워3차) 603호",https://www.jobkorea.co.kr/Recruit/Co_Read/C/43834355,https://www.jobkorea.co.kr/Recruit/GI_Read/44654351?rPageCode=SL&logpath=21&sn=6,2024.05.10(금),2024.05.24(금)
[직영] 24년 신학기 각 부문 STAFF 모집,㈜DYB최선어학원,신입·경력,대졸↑,서울 강남구 외,정규직 외,"JAVA, MySQL, Oracle, PHP, Python, Illustrator, Photoshop, 파이널컷, 프리미어, 영어","서울 강남구 남부순환로 2917 (대치동, 청실종합상가) 4층 DYB최선어학원",https://www.jobkorea.co.kr/Recruit/Co_Read/C/17694266,https://www.jobkorea.co.kr/Recruit/GI_Read/44627403?rPageCode=SL&logpath=21&sn=6,2024.05.08(수),2024.06.07(금)
"헥토이노베이션 직군별 인재 모집 (인사,총무,재무,시스템운영,정보보안, 글로벌구독)",㈜헥토이노베이션,경력,학력무관,서울 강남구,정규직,"Android, API, iOS, JAVA, Javascript, Python, SQL, Linux, Illustrator, Photoshop","서울 강남구 테헤란로34길 6 (역삼동, 태광타워) 헥토이노베이션 본사",https://www.jobkorea.co.kr/Recruit/Co_Read/C/37828767,https://www.jobkorea.co.kr/Recruit/GI_Read/44554935?rPageCode=SL&logpath=21&sn=6,2024.05.01(수),2024.05.31(금)
[2024년 신입·경력 공개채용] 각 부문별 채용,㈜사이냅소프트,신입·경력,학력무관,서울 구로구 외,정규직,"AWS, JAVA, MySQL, Node.js, Python, React, Spring, TypeScript, Figma, C/C++",서울 강서구 마곡중앙4로 62 (마곡동) 사이냅소프트 R&D센터,https://www.jobkorea.co.kr/Recruit/Co_Read/C/22698,https://www.jobkorea.co.kr/Recruit/GI_Read/44556572?rPageCode=SL&logpath=21&sn=6,2024.04.29(월),2024.05.31(금)
각 부문별 경력/신입 인재영입,(주)우아한형제들,신입·경력,학력무관,서울 송파구,정규직 외,"ASP, API, ASP.NET, CSS, HTML, JAVA, Javascript, JSP, MSSQL, MySQL, Oracle, PHP, Spring, Spring Boot, SQL, WAS, Window, Linux, Illustrator",서울 송파구 위례성대로 2 (방이동) 우아한형제들,https://www.jobkorea.co.kr/Recruit/Co_Read/C/19021,https://www.jobkorea.co.kr/Recruit/GI_Read/34208668?rPageCode=SL&logpath=21&sn=6,상시채용,상시채용
브이캣 딥러닝 엔지니어,파이온코퍼레이션,경력2년↑,박사↑,서울 강남구,정규직,"Python, NeRF","서울 강남구 삼성로85길 26 (대치동, V&S) 601호",https://www.jobkorea.co.kr/Recruit/Co_Read/C/31046356,https://www.jobkorea.co.kr/Recruit/GI_Read/44719709?rPageCode=SL&logpath=21&sn=6,2024.05.20(월),2024.06.16(일)
머신러닝/딥러닝 엔지니어(전문연구요원 가능),딥브레인 AI,경력,석사↑,서울 강남구,정규직,"OpenCV, FFmpeg",서울 강남구 역삼로7길 5-6 (역삼동) 딥브레인에이아이,https://www.jobkorea.co.kr/Recruit/Co_Read/C/18673403,https://www.jobkorea.co.kr/Recruit/GI_Read/44631012?rPageCode=SL&logpath=21&sn=6,2024.05.08(수),2024.06.07(금)
[서울] AI Researcher (LLM),㈜인터엑스,경력2년↑,학력무관,서울 금천구,정규직,"Git, Pandas, Python, Pytorch, SQL, Matplotlib, Numpy, Scikit-Learn",서울 금천구 가산디지털1로 171  (가산동) 가산 SK V1 CENTER 1001호,https://www.jobkorea.co.kr/Recruit/Co_Read/C/33969120,https://www.jobkorea.co.kr/Recruit/GI_Read/44622369?rPageCode=SL&logpath=21&sn=6,2024.05.07(화),2024.06.06(목)
[서울-병역] AI Researcher LLM,㈜인터엑스,경력2년↑,학력무관,서울 금천구,정규직,"Git, Pandas, Python, Pytorch, SQL, Matplotlib, Numpy, Scikit-Learn",서울 금천구 가산디지털1로 171  (가산동) 가산 SK V1 CENTER 1001호,https://www.jobkorea.co.kr/Recruit/Co_Read/C/33969120,https://www.jobkorea.co.kr/Recruit/GI_Read/44622338?rPageCode=SL&logpath=21&sn=6,2024.05.07(화),2024.06.06(목)
영상분야 AI개발 (가산 근무),비솔,경력5년↑,학력무관,서울 금천구,정규직,"AWS, Pytorch, Tensorflow",서울 금천구 가산디지털1로 204 (가산동) 가산역반도아이비밸리 14층,https://www.jobkorea.co.kr/Recruit/Co_Read/C/213255,https://www.jobkorea.co.kr/Recruit/GI_Read/44568531?rPageCode=SL&logpath=21&sn=6,2024.05.01(수),2024.05.26(일)
코덱 SW 엔지니어,블루닷㈜,경력6년↑,대졸↑,서울 강남구,정규직,"C, C++","서울 강남구 언주로 527 (역삼동, 강남텔레피아빌딩) 4층",https://www.jobkorea.co.kr/Recruit/Co_Read/C/29363972,https://www.jobkorea.co.kr/Recruit/GI_Read/44549161?rPageCode=SL&logpath=21&sn=6,2024.04.25(목),2024.05.24(금)
딥러닝 개발자,블루닷㈜,경력6년↑,대졸↑,서울 강남구,정규직,,"서울 강남구 언주로 527 (역삼동, 강남텔레피아빌딩) 4층",https://www.jobkorea.co.kr/Recruit/Co_Read/C/29363972,https://www.jobkorea.co.kr/Recruit/GI_Read/44549142?rPageCode=SL&logpath=21&sn=6,2024.04.25(목),2024.05.24(금)
코덱 SW 엔지니어 (신입),블루닷㈜,신입,대졸↑,서울 강남구,정규직,"C, C++","서울 강남구 언주로 527 (역삼동, 강남텔레피아빌딩) 4층",https://www.jobkorea.co.kr/Recruit/Co_Read/C/29363972,https://www.jobkorea.co.kr/Recruit/GI_Read/44549406?rPageCode=SL&logpath=21&sn=6,2024.04.25(목),2024.05.24(금)
AI Research Engineer 시니어,웨이센,경력5년↑,대졸↑,서울 강남구,정규직,"Pandas, Python, Pytorch, Scipy, Tensorflow, caffe","서울 강남구 삼성로 524 (삼성동, 세화빌딩) 5층",https://www.jobkorea.co.kr/Recruit/Co_Read/C/33974343,https://www.jobkorea.co.kr/Recruit/GI_Read/44543893?rPageCode=SL&logpath=21&sn=6,2024.04.25(목),2024.05.31(금)
딥러닝 알고리즘 엔지니어(신입),블루닷㈜,신입,대졸↑,서울 강남구,정규직,"Pytorch, Tensorflow","서울 강남구 언주로 527 (역삼동, 강남텔레피아빌딩) 4층",https://www.jobkorea.co.kr/Recruit/Co_Read/C/29363972,https://www.jobkorea.co.kr/Recruit/GI_Read/44549377?rPageCode=SL&logpath=21&sn=6,2024.04.25(목),2024.05.24(금)
[국비무료IT취업교육]JAVA웹앱/프론트엔드/백엔드/풀스택/빅데이터/인공지능 외 자바개발자취업교육과정/준비된 인재로 취업하기/SW융복합 인재양성 /수료전부터 취업연계매칭시스템,한국ICT인재개발원,신입·경력,고졸↑,서울,연수생/교육생,"AWS, Git, Hadoop, JAVA, MyBatis, MySQL, OracleDB, Python, Spring, Spring Boot","서울 마포구 백범로 23 (신수동, 거구장) 케이터틀 3층",https://www.jobkorea.co.kr/Recruit/Co_Read/C/23221213,https://www.jobkorea.co.kr/Recruit/GI_Read/44714027?rPageCode=SL&logpath=21&sn=6,2024.05.20(월),2024.05.27(월)
[국비전액무료IT취업교육] JAVA기반 풀스택 개발자 취업교육생 모집 (JAVA/웹/앱/풀스택/프론트엔드/백엔드/클라우드/빅데이터/최우수훈련기관/100퍼센트 취업지원 및 기업매칭),쌍용교육센터,신입·경력,학력무관,서울 강남구 외,연수생/교육생,"계획성, 성취지향성,                                     꼼꼼함","서울 강남구 테헤란로 132 (역삼동, 한독약품빌딩) 8층 쌍용교육센터",https://www.jobkorea.co.kr/Recruit/Co_Read/C/19085429,https://www.jobkorea.co.kr/Recruit/GI_Read/44599190?rPageCode=SL&logpath=21&sn=6,2024.05.07(화),2024.06.06(목)
"[전액국비,취업연계] [Harman] 세미콘 아카데미-반도체 설계, [Intel] 엣지 AI SW 아카데미 교육생 모집",대한상공회의소 서울기술교육센터,신입·경력,학력무관,서울 금천구 외,연수생/교육생,"Android, C#, HMI, JPA, OpenCV, Spring, SQL, ARM, AVR, JSTL, JWT, PLC, JUnit, IoT, 임베디드 시스템, 웹서버, alot, 인텔엣지","서울 강서구 화곡로 179 (화곡동, 대한상공회의소서울기술교육센터) (화곡역 2번 출구 도보 20m 앞)",https://www.jobkorea.co.kr/Recruit/Co_Read/C/20379724,https://www.jobkorea.co.kr/Recruit/GI_Read/44572488?rPageCode=SL&logpath=21&sn=6,2024.04.29(월),2024.06.29(토)
[서울/경기]100프로 무료 취업교육생모집 (UI.UX웹디자인&퍼블리셔/웹개발/게임/빅데이터/영상),엠비씨(MBC)아카데미 컴퓨터교육센터,신입·경력,고졸↑,서울 강남구 외,연수생/교육생,"AWS, JAVA, BIM, CAD, Spring Framework, 3D Printer, UI, UX, 모션 그래픽, 정보보안기사 자격, 영상편집, C언어, MAX, 소프트웨어, 웹프로그래머, 블랜더","서울 관악구 신림로 340 (신림동, 르네상스복합쇼핑몰) 6층 국제컴퓨터아카데미",https://www.jobkorea.co.kr/Recruit/Co_Read/C/20016955,https://www.jobkorea.co.kr/Recruit/GI_Read/44407659?rPageCode=SL&logpath=21&sn=6,2024.04.08(월),2024.06.07(금)
'24년 상반기 임용 수시 공개채용 공고[정규직 / 전문계약직 / 무기계약직(기능원) / 고경력 전문인력],국방과학연구소,신입·경력,초대졸↑,서울,정규직 외,"OPIc, TEPS, TOEFL, TOEIC, TOEIC Speaking",대전 유성구 수남동 111,https://www.jobkorea.co.kr/Recruit/Co_Read/C/12310497,https://www.jobkorea.co.kr/Recruit/GI_Read/44743826?rPageCode=SL&logpath=21&sn=6,2024.05.22(수),2024.06.03(월)
데이터 사이언티스트 경력직 채용,에스케이쉴더스㈜,경력5년↑,대졸↑,서울 강남구,정규직,"AWS, Git, NoSQL, Pandas, SQL, Tensorflow, Numpy, Scikit-Learn, D3.js, Restful API","서울 강남구 봉은사로 613 (삼성동, ADT캡스 제1빌딩) ",https://www.jobkorea.co.kr/Recruit/Co_Read/C/18011,https://www.jobkorea.co.kr/Recruit/GI_Read/44741666?rPageCode=SL&logpath=21&sn=6,2024.05.22(수),2024.05.31(금)
"[원주, 서울] 한국산업기술시험원 행정/연구직 채용",한국산업기술시험원,신입,학력무관,서울 구로구 외,계약직,"성실성, 윤리의식, 협동심,                                     계획성, 적응성, 꼼꼼함",강원 원주시 흥업면 북원로 1397 (매지리) 한국산업기술시험원 강원분소,https://www.jobkorea.co.kr/Recruit/Co_Read/C/6503,https://www.jobkorea.co.kr/Recruit/GI_Read/44728550?rPageCode=SL&logpath=21&sn=6,2024.05.21(화),2024.05.31(금)
빅데이터/AI 솔루션 개발자 - 경력 모집,㈜이씨마이너,경력,대졸↑,서울 강남구,정규직,"C, C++, JAVA","서울 강남구 논현로28길 54 (도곡동, 덕원빌딩) 4층",https://www.jobkorea.co.kr/Recruit/Co_Read/C/200776,https://www.jobkorea.co.kr/Recruit/GI_Read/44681753?rPageCode=SL&logpath=21&sn=6,2024.05.14(화),2024.06.13(목)
빅데이터/AI 솔루션 개발자 - 신입 모집,㈜이씨마이너,신입,대졸↑,서울 강남구,정규직,"C, C++, JAVA","서울 강남구 논현로28길 54 (도곡동, 덕원빌딩) 4층",https://www.jobkorea.co.kr/Recruit/Co_Read/C/200776,https://www.jobkorea.co.kr/Recruit/GI_Read/44683536?rPageCode=SL&logpath=21&sn=6,2024.05.14(화),2024.06.13(목)
빅데이터/AI 분석전문가,㈜이씨마이너,신입·경력,대졸↑,서울 강남구,정규직,"성실성, 꼼꼼함, 협동심,                                     적응성, 창의성","서울 강남구 논현로28길 54 (도곡동, 덕원빌딩) 4층",https://www.jobkorea.co.kr/Recruit/Co_Read/C/200776,https://www.jobkorea.co.kr/Recruit/GI_Read/44683611?rPageCode=SL&logpath=21&sn=6,2024.05.14(화),2024.06.13(목)
생성형 AI 컨설턴트 및 엔지니어 채용,㈜비아이매트릭스,경력3년↑,학력무관,서울 강남구,정규직,,"서울 강남구 선릉로 433 (역삼동, 세방빌딩) 신관 7,11,17층(06212)",https://www.jobkorea.co.kr/Recruit/Co_Read/C/21815564,https://www.jobkorea.co.kr/Recruit/GI_Read/44676691?rPageCode=SL&logpath=21&sn=6,2024.05.14(화),2024.05.31(금)
[키토크 AI] 데이터 전처리/파이썬 인턴 모집 (AI 스타트업),㈜키토크AI,경력무관,학력무관,서울 강남구,계약직 외,"Python, SQL","서울 강남구 테헤란로5길 7 (역삼동, KGTower) 12층 109호",https://www.jobkorea.co.kr/Recruit/Co_Read/C/18493287,https://www.jobkorea.co.kr/Recruit/GI_Read/44678652?rPageCode=SL&logpath=21&sn=6,2024.05.14(화),2024.06.13(목)
(주)이노룰스 머신러닝 개발자 상시채용,㈜이노룰스,경력5년↑,학력무관,서울 송파구,정규직,기본우대유관업무 경력자(10년),"서울 송파구 법원로6길 7 (문정동, 송파유탑테크밸리) 12층",https://www.jobkorea.co.kr/Recruit/Co_Read/C/351471,https://www.jobkorea.co.kr/Recruit/GI_Read/44221473?rPageCode=SL&logpath=21&sn=6,상시채용,상시채용
Vision 영상처리(2D/3D) S/W 개발,㈜에이치비테크놀러지,경력,대졸↑,서울 강남구,정규직,,서울 강남구 언주로 819 (신사동) HB테크놀러지 부설연구소,https://www.jobkorea.co.kr/Recruit/Co_Read/C/66665,https://www.jobkorea.co.kr/Recruit/GI_Read/44665144?rPageCode=SL&logpath=21&sn=6,2024.05.13(월),2024.06.12(수)
[신입 / 경력] 소프트웨어(SW) 우수인재 모집,㈜제노레이,신입·경력,대졸↑,서울 강남구,정규직,기본우대유관업무 경력자우대전공응용소프트웨어공학,"서울 강남구 테헤란로114길 38 (대치동, 동일타워) 8층",https://www.jobkorea.co.kr/Recruit/Co_Read/C/43741,https://www.jobkorea.co.kr/Recruit/GI_Read/44667259?rPageCode=SL&logpath=21&sn=6,2024.05.13(월),2024.07.12(금)
AI 비전 딥러닝 개발자 (연구소) (신입/경력),㈜에이치비테크놀러지,신입·경력3년↑,대졸↑,서울 강남구,정규직,,서울 강남구 언주로 819 (신사동) HB테크놀러지 부설연구소,https://www.jobkorea.co.kr/Recruit/Co_Read/C/66665,https://www.jobkorea.co.kr/Recruit/GI_Read/44673895?rPageCode=SL&logpath=21&sn=6,2024.05.13(월),2024.06.12(수)
[컴투스] 2024년 프로그래밍 전문연구요원 (편입) 채용,㈜컴투스,경력,학력무관,서울 금천구,정규직,,서울 금천구 가산동 371-17 BYC하이시티 A동 12층,https://www.jobkorea.co.kr/Recruit/Co_Read/C/33797,https://www.jobkorea.co.kr/Recruit/GI_Read/44657122?rPageCode=SL&logpath=21&sn=6,2024.05.10(금),2024.06.28(금)
[(주)씨이랩] 백엔드 개발자 모집,㈜씨이랩,경력3년↑,대졸↑,서울 강남구,정규직,"Hadoop, Hbase, JAVA, Python, Redis, Spark, SQL","서울 강남구 언주로 617 (논현동, 논현동자동차전시장) 4층",https://www.jobkorea.co.kr/Recruit/Co_Read/C/178205,https://www.jobkorea.co.kr/Recruit/GI_Read/44641062?rPageCode=SL&logpath=21&sn=6,2024.05.09(목),2024.06.08(토)
[(주)씨이랩] Backend Engineer 모집,㈜씨이랩,경력2년↑,대졸↑,서울 강남구,정규직,"Hadoop, Hbase, JAVA, Python, Redis, Spark, SQL","서울 강남구 언주로 617 (논현동, 논현동자동차전시장) 4층",https://www.jobkorea.co.kr/Recruit/Co_Read/C/178205,https://www.jobkorea.co.kr/Recruit/GI_Read/44641052?rPageCode=SL&logpath=21&sn=6,2024.05.09(목),2024.06.08(토)
[연구개발본부] IT개발자(QA/백엔드/프론트엔드/ML/데이터분석) 경력 채용,㈜이글루코퍼레이션,경력2년↑,초대졸↑,서울 송파구,정규직,"Docker, JAVA, Kafka, kubernetes, MySQL, Python, Pytorch, Tensorflow, Spring Framework, RDB","서울 송파구 정의로8길 7 (문정동, 한스빌딩) (주)이글루코퍼레이션",https://www.jobkorea.co.kr/Recruit/Co_Read/C/50993,https://www.jobkorea.co.kr/Recruit/GI_Read/44592263?rPageCode=SL&logpath=21&sn=6,2024.05.02(목),2024.06.30(일)
차량SW · ICT · 경영지원 부문 채용,현대오토에버㈜,경력,학력무관,서울,정규직 외,"C, C++, MSSQL, SAP, DBMS, 컨설팅, SW, 솔루션","서울 강남구 테헤란로 510 (대치동, 루첸타워) ",https://www.jobkorea.co.kr/Recruit/Co_Read/C/19481,https://www.jobkorea.co.kr/Recruit/GI_Read/44582883?rPageCode=SL&logpath=21&sn=6,상시채용,상시채용
[W컨셉] 검색&데이터 개발팀 AI/ML Engineer,더블유컨셉코리아,경력6년↑,대졸↑,서울 강남구,정규직,"AWS, java, spring, spring boot","서울 강남구 테헤란로 231 (역삼동, 센터필드) 센터필드 EAST동 20층",https://www.jobkorea.co.kr/Recruit/Co_Read/C/12801281,https://www.jobkorea.co.kr/Recruit/GI_Read/44576412?rPageCode=SL&logpath=21&sn=6,2024.04.30(화),2024.05.31(금)
[컴투스플랫폼] AI 엔지니어 (경력),㈜컴투스,경력,대졸↑,서울 금천구,정규직,,서울 금천구 가산동 371-17 BYC하이시티 A동 12층,https://www.jobkorea.co.kr/Recruit/Co_Read/C/33797,https://www.jobkorea.co.kr/Recruit/GI_Read/44554286?rPageCode=SL&logpath=21&sn=6,2024.04.25(목),2024.06.28(금)
[에너지 IT기업 해줌] 데이터사이언티스트 채용,㈜해줌,경력3년↑,대졸↑,서울 송파구,정규직,"Python, R, Tensorflow","서울 송파구 법원로 128 (문정동, 문정에스케이브이원지엘메트로시티) A동 706호",https://www.jobkorea.co.kr/Recruit/Co_Read/C/15223619,https://www.jobkorea.co.kr/Recruit/GI_Read/44547095?rPageCode=SL&logpath=21&sn=6,2024.04.25(목),2024.05.25(토)
[토스뱅크] CSS Modeler (기획/운영),㈜비바리퍼블리카,경력3년↑,학력무관,서울 강남구,정규직,"Python, SAS, SQL","서울 강남구 테헤란로 131 (역삼동, 한국지식재산센터) 11층 토스뱅크",https://www.jobkorea.co.kr/Recruit/Co_Read/C/19576969,https://www.jobkorea.co.kr/Recruit/GI_Read/44429023?rPageCode=SL&logpath=21&sn=6,상시채용,상시채용
SW 개발 인재 모집,㈜닷,경력3년↑,대졸↑,서울 금천구,정규직,"C++, Kotlin, Python, Pytorch, Swift",서울 금천구 가산디지털1로 146 (가산동) 대륭테크노타운22차 403호,https://www.jobkorea.co.kr/Recruit/Co_Read/C/18584793,https://www.jobkorea.co.kr/Recruit/GI_Read/44341119?rPageCode=SL&logpath=21&sn=6,상시채용,상시채용
[스마트팩토리] 요소기술 개발 리딩 - 팀장급,현대오토에버㈜,경력10년↑,학력무관,서울 강남구,정규직,,"서울 강남구 테헤란로 510 (대치동, 루첸타워) ",https://www.jobkorea.co.kr/Recruit/Co_Read/C/19481,https://www.jobkorea.co.kr/Recruit/GI_Read/44397125?rPageCode=SL&logpath=21&sn=6,상시채용,상시채용
2024년 상반기 각 부문 신입/경력 상시채용,㈜코난테크놀로지,신입·경력,초대졸↑,서울 서초구,정규직,"성취지향성, 꼼꼼함,                                     적응성, 성실성","서울 서초구 강남대로 327 (서초동, 대륭서초타워) 6층, 7층",https://www.jobkorea.co.kr/Recruit/Co_Read/C/94563,https://www.jobkorea.co.kr/Recruit/GI_Read/44320698?rPageCode=SL&logpath=21&sn=6,2024.03.27(수),2024.05.26(일)
잡코리아 Tech 인재 상시채용,잡코리아(유),경력무관,대졸↑,서울 서초구 외,정규직,기본우대국가유공자,"서울 서초구 서초대로 301 (서초동, 동익성봉빌딩) 잡코리아 16~18F",https://www.jobkorea.co.kr/Recruit/Co_Read/C/23029,https://www.jobkorea.co.kr/Recruit/GI_Read/43634159?rPageCode=SL&logpath=21&sn=6,상시채용,상시채용
[컬리] 머신러닝 엔지니어,㈜컬리,경력5년↑,학력무관,서울 강남구,정규직,,"서울 강남구 테헤란로 133 (역삼동, 한국타이어빌딩) 한국타이어빌딩 컬리",https://www.jobkorea.co.kr/Recruit/Co_Read/C/43288683,https://www.jobkorea.co.kr/Recruit/GI_Read/44744530?rPageCode=SL&logpath=21&sn=6,2024.05.22(수),2024.06.21(금)
디지털트윈 Beamo 개발팀 팀리드,㈜쓰리아이,경력8년↑,학력무관,서울 강남구,정규직,"외국어                                                    [영어]                                                    TOEIC 750점 이상","서울 강남구 역삼로25길 23 (역삼동, 대일테크빌딩) 대일테크빌딩 1-4층",https://www.jobkorea.co.kr/Recruit/Co_Read/C/23018794,https://www.jobkorea.co.kr/Recruit/GI_Read/44744190?rPageCode=SL&logpath=21&sn=6,2024.05.22(수),2024.06.21(금)
3D VR R&D 소프트웨어 개발 엔지니어,㈜쓰리아이,경력5년↑,대졸↑,서울 강남구,정규직,기본우대석사학위 수여자,"서울 강남구 역삼로25길 23 (역삼동, 대일테크빌딩) 대일테크빌딩 1-4층",https://www.jobkorea.co.kr/Recruit/Co_Read/C/23018794,https://www.jobkorea.co.kr/Recruit/GI_Read/44742959?rPageCode=SL&logpath=21&sn=6,2024.05.22(수),2024.06.21(금)
[Vueron] Perception Engineer,㈜뷰런테크놀로지,경력2년↑,대졸↑,서울 서초구,정규직 외,"C, C++","서울 서초구 강남대로 311 (서초동, 한화생명보험빌딩) 19층",https://www.jobkorea.co.kr/Recruit/Co_Read/C/30398448,https://www.jobkorea.co.kr/Recruit/GI_Read/44737934?rPageCode=SL&logpath=21&sn=6,2024.05.22(수),2024.06.21(금)
[INEEJI] (주)인이지 인공지능연구소 데이터분석가/AI엔지니어 채용,㈜인이지,신입·경력3년↑,대졸↑,서울 서초구,정규직 외,"Docker, Git, MongoDB, MySQL, Python, Pytorch, Tensorflow, Linux","서울 서초구 서초대로 397 (서초동, 부띠크 모나코) 602호",https://www.jobkorea.co.kr/Recruit/Co_Read/C/32823556,https://www.jobkorea.co.kr/Recruit/GI_Read/44744872?rPageCode=SL&logpath=21&sn=6,2024.05.22(수),2024.06.07(금)
[Vueron] 라이다/자율주행 딥러닝 개발자,㈜뷰런테크놀로지,신입·경력1년↑,석사↑,서울 서초구,정규직 외,"C, C++, Python","서울 서초구 강남대로 311 (서초동, 한화생명보험빌딩) 13층",https://www.jobkorea.co.kr/Recruit/Co_Read/C/30398448,https://www.jobkorea.co.kr/Recruit/GI_Read/44737904?rPageCode=SL&logpath=21&sn=6,2024.05.22(수),2024.06.21(금)
[주 1회 재택근무/고정요일지정] NLP/AI Engineer,㈜바이오리서치에이아이,경력무관,학력무관,서울 강남구,정규직 외,"AWS, Python","서울 강남구 테헤란로10길 18 (역삼동, 하나빌딩) 2층",https://www.jobkorea.co.kr/Recruit/Co_Read/C/40240741,https://www.jobkorea.co.kr/Recruit/GI_Read/44739319?rPageCode=SL&logpath=21&sn=6,상시채용,상시채용
[다이퀘스트] 데이터 분석 및 지식 구축 모집,㈜다이퀘스트,경력무관,대졸↑,서울 구로구,정규직,"JAVA, OracleDB, Python, SQL, Microsoft Office, 컴퓨터활용능력, Ai",서울 구로구 구로동 222-8 코오롱디지털타워빌란트Ⅱ,https://www.jobkorea.co.kr/Recruit/Co_Read/C/62965,https://www.jobkorea.co.kr/Recruit/GI_Read/44738653?rPageCode=SL&logpath=21&sn=6,2024.05.22(수),2024.06.05(수)
[Medipixel] Product Owner,메디픽셀,경력3년↑,대졸↑,서울 강남구,정규직,,"서울 강남구 테헤란로108길 22 (대치동, 서경빌딩) ",https://www.jobkorea.co.kr/Recruit/Co_Read/C/35234944,https://www.jobkorea.co.kr/Recruit/GI_Read/44726620?rPageCode=SL&logpath=21&sn=6,2024.05.21(화),2024.07.01(월)
연구소장님을 모십니다. (인공지능 비전시스템 개발 총괄 및 개발),㈜한국정보공작소,경력7년↑,대졸↑,서울 금천구,정규직,"JAVA, MSSQL, MySQL, PHP, Python, R, SQL","서울 금천구 가산디지털1로 45 (가산동, 이앤씨드림타워8차) 1106호",https://www.jobkorea.co.kr/Recruit/Co_Read/C/12627257,https://www.jobkorea.co.kr/Recruit/GI_Read/44733147?rPageCode=SL&logpath=21&sn=6,2024.05.21(화),2024.06.20(목)
AI 서비스 기획자 채용,엠클라우드브리지㈜,경력5년↑,대졸↑,서울 강남구,정규직,우대전공전산학·컴퓨터공학,"서울 강남구 테헤란로 242 (역삼동, 유창빌딩) 7층, 엠클라우드브리지",https://www.jobkorea.co.kr/Recruit/Co_Read/C/38478799,https://www.jobkorea.co.kr/Recruit/GI_Read/44730622?rPageCode=SL&logpath=21&sn=6,2024.05.21(화),2024.06.15(토)
AI 컨설턴트/AI 마케터,㈜메디치소프트,경력무관,대졸↑,서울 구로구 외,정규직 외,"Google Analytics, PowerPoint, 도식화, 해외 마케팅","서울 영등포구 국회대로70길 18 (여의도동, 한양빌딩) 7층",https://www.jobkorea.co.kr/Recruit/Co_Read/C/18593641,https://www.jobkorea.co.kr/Recruit/GI_Read/44735385?rPageCode=SL&logpath=21&sn=6,상시채용,상시채용
DX TF 엔지니어 채용,에스디티 주식회사,경력3년↑,초대졸↑,서울 강남구,정규직,기본우대관련 학과 전공자우대전공기계·메카트로닉스·로봇,서울 강남구 테헤란로44길 5 (역삼동) 대아빌딩 10층,https://www.jobkorea.co.kr/Recruit/Co_Read/C/32955045,https://www.jobkorea.co.kr/Recruit/GI_Read/44724370?rPageCode=SL&logpath=21&sn=6,2024.05.20(월),2024.06.30(일)
[AI 전문기업 덴컴] 음성 전처리 엔지니어 채용,㈜덴컴,경력5년↑,대졸↑,서울 강남구 외,정규직,"Matlab, Python","서울 강남구 삼성로85길 26 (대치동, V&S) 14층",https://www.jobkorea.co.kr/Recruit/Co_Read/C/43758897,https://www.jobkorea.co.kr/Recruit/GI_Read/44719880?rPageCode=SL&logpath=21&sn=6,2024.05.20(월),2024.06.19(수)
2024년 정규직 3기 채용 [개발 경력],㈜포에시아,경력3년↑,대졸↑,서울 송파구,정규직,"C, JAVA, Python, Go, 정보처리기사 자격, ml","서울 송파구 법원로 128 (문정동, 문정역SKV1) B동 420호",https://www.jobkorea.co.kr/Recruit/Co_Read/C/42652902,https://www.jobkorea.co.kr/Recruit/GI_Read/44718636?rPageCode=SL&logpath=21&sn=6,2024.05.20(월),2024.07.19(금)
[강남] AI 연구소 개발 연구원 채용,㈜씨엘모빌리티,경력3년↑,학력무관,서울 강남구,정규직,"C#, C++, GoLang, Python, Ai, 머신러닝, 딥러닝","서울 강남구 강남대로 318 (역삼동, TOWER837) 8층",https://www.jobkorea.co.kr/Recruit/Co_Read/C/20736650,https://www.jobkorea.co.kr/Recruit/GI_Read/44717763?rPageCode=SL&logpath=21&sn=6,2024.05.20(월),2024.06.19(수)
[AI 전문기업 덴컴] AI Research 팀장 채용,㈜덴컴,경력6년↑,대졸↑,서울 강남구 외,정규직,"C, C++, Python, Tensorflow, TypeScript","서울 강남구 삼성로85길 26 (대치동, V&S) 14층",https://www.jobkorea.co.kr/Recruit/Co_Read/C/23874097,https://www.jobkorea.co.kr/Recruit/GI_Read/44718693?rPageCode=SL&logpath=21&sn=6,2024.05.20(월),2024.06.19(수)
3D 솔리드웍스 기구(메카니즘)설계 경력개발자 모집,㈜월드멀티넷,신입·경력1년↑,초대졸↑,서울 강남구,정규직,"3ds Max, CAD, 3D Printer",서울 강남구 개포로25길 9-6 (개포동) 방주빌딩 2층,https://www.jobkorea.co.kr/Recruit/Co_Read/C/127023,https://www.jobkorea.co.kr/Recruit/GI_Read/44723782?rPageCode=SL&logpath=21&sn=6,2024.05.20(월),2024.06.30(일)
C/C++/Linux 펌웨어 및 임베디드 엔지니어 모집,㈜포디아이비젼,경력무관,대졸↑,서울 서초구,정규직,"C++, Python, VIsualC·C++, Linux","서울 서초구 매헌로16길 32 (양재동, 희경빌딩) F동 202호 (양재AI허브)",https://www.jobkorea.co.kr/Recruit/Co_Read/C/36078705,https://www.jobkorea.co.kr/Recruit/GI_Read/44721438?rPageCode=SL&logpath=21&sn=6,2024.05.20(월),2024.06.19(수)
[AI 전문기업 덴컴] 프론드엔드 개발 팀장 채용,㈜덴컴,경력8년↑,대졸↑,서울 강남구 외,정규직,"JAVA, Javascript, Node.js, NoSQL, Python, ReactJS, SQL, TypeScript, Next.js","서울 강남구 삼성로85길 26 (대치동, V&S) 14층",https://www.jobkorea.co.kr/Recruit/Co_Read/C/23874097,https://www.jobkorea.co.kr/Recruit/GI_Read/44718296?rPageCode=SL&logpath=21&sn=6,2024.05.20(월),2024.06.19(수)
OpenCV/MATLAB/TensorFlow/Python/C/C++/Linux 알고리즘 개발 (팀원)(팀장),㈜포디아이비젼,신입·경력,대졸↑,서울 서초구,정규직,"C++, Python, VIsualC·C++, Linux, 강화학습, LLM","서울 서초구 매헌로16길 32 (양재동, 희경빌딩) F동 202호 (양재AI허브)",https://www.jobkorea.co.kr/Recruit/Co_Read/C/36078705,https://www.jobkorea.co.kr/Recruit/GI_Read/44721447?rPageCode=SL&logpath=21&sn=6,2024.05.20(월),2024.06.19(수)
2024년 [개발 프로젝트PM] 3기 채용,㈜포에시아,경력10년↑,초대졸↑,서울 송파구,계약직,,"서울 송파구 법원로 128 (문정동, 문정역SKV1) B동 420호",https://www.jobkorea.co.kr/Recruit/Co_Read/C/42652902,https://www.jobkorea.co.kr/Recruit/GI_Read/44718661?rPageCode=SL&logpath=21&sn=6,2024.05.20(월),2024.07.19(금)
2024년 정규직 3기 채용 [개발 신입],㈜포에시아,신입,대졸↑,서울 송파구,정규직,,"서울 송파구 법원로 128 (문정동, 문정역SKV1) B동 420호",https://www.jobkorea.co.kr/Recruit/Co_Read/C/42652902,https://www.jobkorea.co.kr/Recruit/GI_Read/44718645?rPageCode=SL&logpath=21&sn=6,2024.05.20(월),2024.07.19(금)
[AI 전문기업 덴컴] CTO 채용,㈜덴컴,경력10년↑,대졸↑,서울 강남구 외,정규직,"JAVA, Javascript, Node.js, NoSQL, Python, ReactJS, SQL, TypeScript, Nest.js","서울 강남구 삼성로85길 26 (대치동, V&S) 14층",https://www.jobkorea.co.kr/Recruit/Co_Read/C/23874097,https://www.jobkorea.co.kr/Recruit/GI_Read/44718404?rPageCode=SL&logpath=21&sn=6,2024.05.20(월),2024.06.19(수)
[부동산R114 / HDC 계열사] 데이터분석 및 모델링 담당자 모집,부동산114㈜,경력,대졸↑,서울 서초구,정규직,Python,서울 서초구 효령로 346 (서초동) 8.9층,https://www.jobkorea.co.kr/Recruit/Co_Read/C/200848,https://www.jobkorea.co.kr/Recruit/GI_Read/44720642?rPageCode=SL&logpath=21&sn=6,2024.05.20(월),2024.05.31(금)
[AI 전문기업 덴컴] 음성 AI Researcher 채용,㈜덴컴,경력2년↑,대졸↑,서울 강남구 외,정규직,"C, C++, Python","서울 강남구 삼성로85길 26 (대치동, V&S) 14층",https://www.jobkorea.co.kr/Recruit/Co_Read/C/23874097,https://www.jobkorea.co.kr/Recruit/GI_Read/44718831?rPageCode=SL&logpath=21&sn=6,2024.05.20(월),2024.06.19(수)
[AI 전문기업 덴컴] 프론트엔드 개발자 채용,㈜덴컴,경력4년↑,대졸↑,서울 강남구 외,정규직,"JAVA, Javascript, Node.js, NoSQL, Python, SQL, TypeScript","서울 강남구 삼성로85길 26 (대치동, V&S) 14층",https://www.jobkorea.co.kr/Recruit/Co_Read/C/23874097,https://www.jobkorea.co.kr/Recruit/GI_Read/44716782?rPageCode=SL&logpath=21&sn=6,2024.05.20(월),2024.06.19(수)
인공지능 연구 및 개발 담당,㈜티라유텍,경력3년↑,대졸↑,서울 강남구,정규직,"Keras, Python, Pytorch, Tensorflow","서울 강남구 강남대로136길 11 (논현동, 논현제일빌딩) 4층 티라유텍 기업부설연구소",https://www.jobkorea.co.kr/Recruit/Co_Read/C/34775,https://www.jobkorea.co.kr/Recruit/GI_Read/44712202?rPageCode=SL&logpath=21&sn=6,2024.05.19(일),2024.06.18(화)
디지털교과서 전자저작물 교육콘텐츠 개발,영성미디어㈜,신입·경력,학력무관,서울 송파구,정규직 외,우대전공전산학·컴퓨터공학,서울 송파구 문정동 85,https://www.jobkorea.co.kr/Recruit/Co_Read/C/178381,https://www.jobkorea.co.kr/Recruit/GI_Read/44663106?rPageCode=SL&logpath=21&sn=6,2024.05.13(월),2024.06.12(수)
[미리디] 데이터 챕터 리드,㈜미리디,경력5년↑,대졸↑,서울 구로구,정규직,"Python, R, SQL","서울 구로구 디지털로31길 12 (구로동, 태평양물산) 8층 미리디",https://www.jobkorea.co.kr/Recruit/Co_Read/C/132996,https://www.jobkorea.co.kr/Recruit/GI_Read/44705072?rPageCode=SL&logpath=21&sn=6,2024.05.17(금),2024.07.16(화)
IoT 임베디드/펌웨어 엔지니어 채용 (전문연구요원 가능),㈜모토브,경력3년↑,대졸↑,서울 강남구,정규직,,"서울 강남구 강남대로 566 (논현동, 신영와코루빌딩) B1",https://www.jobkorea.co.kr/Recruit/Co_Read/C/23510928,https://www.jobkorea.co.kr/Recruit/GI_Read/44709219?rPageCode=SL&logpath=21&sn=6,2024.05.17(금),2024.07.16(화)
인공지능 MLOps 플랫폼 인프라 엔지니어,㈜텐,경력1년↑,학력무관,서울 강남구,정규직,"Jira, kubernetes, Linux, Confluence","서울 강남구 테헤란로 146 (역삼동, 현익빌딩) 패스트파이브 역삼2호점",https://www.jobkorea.co.kr/Recruit/Co_Read/C/34864016,https://www.jobkorea.co.kr/Recruit/GI_Read/44703163?rPageCode=SL&logpath=21&sn=6,상시채용,상시채용
(주)버블콘 python 개발자 경력 채용,㈜버블콘,경력3년↑,학력무관,서울 구로구,정규직,"AWS, Django, Docker, Flask, Python, Cloud","서울 구로구 디지털로34길 43 (구로동, 코오롱싸이언스밸리1차) 1001호",https://www.jobkorea.co.kr/Recruit/Co_Read/C/29633904,https://www.jobkorea.co.kr/Recruit/GI_Read/44703673?rPageCode=SL&logpath=21&sn=6,2024.05.17(금),2024.06.16(일)
"인공지능 활용 SW 개발자 양성 IT 훈련교강사, 퍼실리테이터, 보조강사 모집 : 풀스택(Springboot-React), 생성Ai, EDA, LLM, ROS, Unreal",애드인에듀,경력무관,학력무관,서울 금천구,정규직 외,"AWS, Docker, Spring Boot, Notion, GitHub, 머신러닝, React.js, 딥러닝, 보조강사, 개발강의","서울 금천구 가산디지털2로 108 (가산동, 뉴티캐슬) 212,213호",https://www.jobkorea.co.kr/Recruit/Co_Read/C/34577569,https://www.jobkorea.co.kr/Recruit/GI_Read/44687927?rPageCode=SL&logpath=21&sn=6,2024.05.16(목),2024.07.15(월)
Deep Learning Engineer (음성 합성 TTS 연구/개발) 정규직 채용,엔쓰리엔,신입·경력,대졸↑,서울 강남구,정규직,"Pandas, Python, Pytorch, Spark, Tensorflow",서울 강남구 강남대로162길 41-18 (신사동) B1-5F,https://www.jobkorea.co.kr/Recruit/Co_Read/C/43443558,https://www.jobkorea.co.kr/Recruit/GI_Read/44698259?rPageCode=SL&logpath=21&sn=6,상시채용,상시채용
"Deep Learning Engineer (STT, TTS 연구/개발) 정규직 채용",엔쓰리엔,신입·경력,대졸↑,서울 강남구,정규직,,서울 강남구 강남대로162길 41-18 (신사동) B1-5F,https://www.jobkorea.co.kr/Recruit/Co_Read/C/43443558,https://www.jobkorea.co.kr/Recruit/GI_Read/44698312?rPageCode=SL&logpath=21&sn=6,상시채용,상시채용
[제이엘케이] 인공지능(AI) 빅데이터 연구원 (전문연구요원),㈜제이엘케이,경력무관,석사↑,서울 강남구,병역특례,"C, C++, Python","서울 강남구 테헤란로33길 5 (역삼동, JLK타워) .",https://www.jobkorea.co.kr/Recruit/Co_Read/C/18283536,https://www.jobkorea.co.kr/Recruit/GI_Read/44691892?rPageCode=SL&logpath=21&sn=6,2024.05.16(목),2024.06.15(토)
[펨트론] SW그룹 3DAI팀 3D파트,㈜펨트론,신입·경력2년↑,초대졸↑,서울 금천구,정규직,,"서울 금천구 가산디지털1로 219 (가산동, 벽산디지털밸리6차) 1405호",https://www.jobkorea.co.kr/Recruit/Co_Read/C/41747967,https://www.jobkorea.co.kr/Recruit/GI_Read/44685615?rPageCode=SL&logpath=21&sn=6,2024.05.14(화),2024.06.03(월)
[펨트론] SW그룹 AOI팀,㈜펨트론,신입·경력2년↑,초대졸↑,서울 금천구,정규직,,"서울 금천구 가산디지털1로 219 (가산동, 벽산디지털밸리6차) 1405호",https://www.jobkorea.co.kr/Recruit/Co_Read/C/41747967,https://www.jobkorea.co.kr/Recruit/GI_Read/44685612?rPageCode=SL&logpath=21&sn=6,2024.05.14(화),2024.06.03(월)
[에임비랩] AI 개발자 모집,㈜에임비랩,경력3년↑,학력무관,서울 금천구,정규직,"OpenCV, deep learning, RAG, torchvision, faiss, lim, Rlhf","서울 금천구 가산디지털1로 212 (가산동, 코오롱디지털타워애스턴) 302호",https://www.jobkorea.co.kr/Recruit/Co_Read/C/34990099,https://www.jobkorea.co.kr/Recruit/GI_Read/44683054?rPageCode=SL&logpath=21&sn=6,2024.05.14(화),2024.06.13(목)
[경력] AI 엔지니어 채용 - LLM,㈜위존 강남사업장,경력,학력무관,서울 강남구,정규직,기본우대컴퓨터활용능력 우수자우대전공전산학·컴퓨터공학,"서울 강남구 논현로79길 47 (역삼동, 열린기술 빌딩) 6층",https://www.jobkorea.co.kr/Recruit/Co_Read/C/14767,https://www.jobkorea.co.kr/Recruit/GI_Read/44677580?rPageCode=SL&logpath=21&sn=6,2024.05.14(화),2024.06.13(목)
[경력] AI 엔지니어 채용 - ML,㈜위존 강남사업장,경력,학력무관,서울 강남구,정규직,기본우대컴퓨터활용능력 우수자우대전공전산학·컴퓨터공학,"서울 강남구 논현로79길 47 (역삼동, 열린기술 빌딩) 6층",https://www.jobkorea.co.kr/Recruit/Co_Read/C/14767,https://www.jobkorea.co.kr/Recruit/GI_Read/44677686?rPageCode=SL&logpath=21&sn=6,2024.05.14(화),2024.06.13(목)
"세상을 바꿀 백엔드, AI 분야 가리지 않은 만능 엔지니어가 되실 분들만 지원해주세요.",㈜테크프리,경력무관,대졸↑,서울 서초구 외,정규직,"기본우대공모전 입상자외국어                                                    [영어]                                                    TOEIC",서울 서초구 사임당로8길 13  (서초동) 4층 402호 에이514,https://www.jobkorea.co.kr/Recruit/Co_Read/C/43189111,https://www.jobkorea.co.kr/Recruit/GI_Read/44685159?rPageCode=SL&logpath=21&sn=6,상시채용,상시채용
렉스코드 AI 개발자(NLP) 채용,렉스코드,경력무관,학력무관,서울 서초구,정규직,"AWS, Docker, MySQL, Python, Redis, Fastapi","서울 서초구 서초중앙로 41 (서초동, 대성빌딩) 6층, 7층, 지하 1층",https://www.jobkorea.co.kr/Recruit/Co_Read/C/21027405,https://www.jobkorea.co.kr/Recruit/GI_Read/44684716?rPageCode=SL&logpath=21&sn=6,2024.05.14(화),2024.06.13(목)
"[더조은컴퓨터 구로캠퍼스] 빅데이터(파이썬), AI(머신러닝,딥러닝) 강사 채용",더조은컴퓨터학원,경력무관,학력무관,서울 구로구,정규직 외,"Kafka, Keras, Python, Pytorch, Scipy, SQL, Tensorflow","서울 구로구 디지털로 306 (구로동, 대륭포스트타워2차) 212호",https://www.jobkorea.co.kr/Recruit/Co_Read/C/18514032,https://www.jobkorea.co.kr/Recruit/GI_Read/44673177?rPageCode=SL&logpath=21&sn=6,2024.05.13(월),2024.06.12(수)
시스템 엔지니어 (신입) 채용,굿어스데이터,신입,초대졸↑,서울 강남구,정규직,"Window, Linux, TCP/IP, VLAN",서울 강남구 테헤란로44길 8 (역삼동) 아이콘 역삼빌딩 5F,https://www.jobkorea.co.kr/Recruit/Co_Read/C/27736068,https://www.jobkorea.co.kr/Recruit/GI_Read/44671199?rPageCode=SL&logpath=21&sn=6,2024.05.13(월),2024.06.02(일)
"딥러닝, 모션제어, 영상처리, MFC, Embedded, C, C++ 개발자 모집",㈜아이엠에스나노텍,신입·경력2년↑,대졸↑,서울 구로구,정규직,"C++, VisualBasic, VIsualC·C++",서울 구로구 구로동 197-48 에이스테크노타워3차 207호,https://www.jobkorea.co.kr/Recruit/Co_Read/C/55046,https://www.jobkorea.co.kr/Recruit/GI_Read/44670514?rPageCode=SL&logpath=21&sn=6,2024.05.13(월),2024.05.31(금)
서울아산병원 융합의학과 의료영상지능실현연구실 연구원채용,서울아산병원,신입·경력,초대졸↑,서울 송파구,계약직,"C++, Python","서울 송파구 올림픽로43길 26 (풍납동, 풍납빌딩) 4층(인공지능 의료영상 연구팀)",https://www.jobkorea.co.kr/Recruit/Co_Read/C/290028,https://www.jobkorea.co.kr/Recruit/GI_Read/44670234?rPageCode=SL&logpath=21&sn=6,2024.05.13(월),2024.05.31(금)
딥러닝 모형 개발 및 최적화,㈜데이터플로,경력무관,학력무관,서울 강남구,정규직 외,Python,서울 강남구 테헤란로8길 11-4 (역삼동) 신도빌딩 202호,https://www.jobkorea.co.kr/Recruit/Co_Read/C/24624029,https://www.jobkorea.co.kr/Recruit/GI_Read/44663790?rPageCode=SL&logpath=21&sn=6,2024.05.13(월),2024.06.12(수)
AI 연구원 (신입/경력/전문연구요원),㈜코그넥스코리아,신입·경력,학력무관,서울 서초구,정규직 외,,"서울 서초구 서초대로38길 12 (서초동, 마제스타시티,힐스테이트서리풀) 마제스타시티 타워2 6층",https://www.jobkorea.co.kr/Recruit/Co_Read/C/18005234,https://www.jobkorea.co.kr/Recruit/GI_Read/44664084?rPageCode=SL&logpath=21&sn=6,2024.05.13(월),2024.07.12(금)
[한화그룹 계열사/뉴블라] Machine Learning Engineer,㈜뉴블라코리아,경력3년↑,대졸↑,서울 강남구 외,정규직,"C++, Python, Pytorch, NPU, LLM, sphinx, Large Language Models, Multi-modal, Quantization, Doxygen","서울 강남구 영동대로82길 11 (대치동, 도원빌딩) 3,4층",https://www.jobkorea.co.kr/Recruit/Co_Read/C/42545405,https://www.jobkorea.co.kr/Recruit/GI_Read/44654947?rPageCode=SL&logpath=21&sn=6,2024.05.10(금),2024.05.26(일)
백엔드(Back-end) 개발자 채용,로민,경력5년↑,대졸↑,서울 서초구,정규직,"Docker, JAVA, kubernetes, PostgreSQL, Python, Linux, Elasticsearch, GitHub, Fastapi",서울 서초구 방배천로2길 10 (방배동) 7층,https://www.jobkorea.co.kr/Recruit/Co_Read/C/34673566,https://www.jobkorea.co.kr/Recruit/GI_Read/44653538?rPageCode=SL&logpath=21&sn=6,2024.05.10(금),2024.05.31(금)
[CDRI] AI 데이터 사이언티스트 채용,㈜씨디알아이,경력무관,대졸↑,서울 강남구,정규직,"Pytorch, Tensorflow","서울 강남구 논현로 417 (역삼동, 화원빌딩) 3층",https://www.jobkorea.co.kr/Recruit/Co_Read/C/35040217,https://www.jobkorea.co.kr/Recruit/GI_Read/44657087?rPageCode=SL&logpath=21&sn=6,2024.05.10(금),2024.06.09(일)
[기업부설연구소] AI 기반 비전시스템 개발 정규직 전문연구원 모집,㈜한국정보공작소,경력3년↑,대졸↑,서울 금천구,정규직,"DB2, JAVA, MSSQL, MySQL, PHP, Python, R, SQL, Hive","서울 금천구 가산디지털1로 45 (가산동, 이앤씨드림타워8차) 1106호",https://www.jobkorea.co.kr/Recruit/Co_Read/C/12627257,https://www.jobkorea.co.kr/Recruit/GI_Read/44648359?rPageCode=SL&logpath=21&sn=6,2024.05.09(목),2024.06.08(토)
[모빌테크] Sensor Fusion Engineer 모집 (경력),모빌테크,경력3년↑,대졸↑,서울 서초구,정규직,"C, C++, Linux","서울 서초구 마방로4길 16-9 (양재동, 삼보빌딩) ",https://www.jobkorea.co.kr/Recruit/Co_Read/C/21588579,https://www.jobkorea.co.kr/Recruit/GI_Read/44646402?rPageCode=SL&logpath=21&sn=6,2024.05.09(목),2024.07.08(월)
에너자이 AI 최적화 Researcher 채용 공고 (전문연구요원 가능),에너자이,경력무관,대졸↑,서울 강남구,정규직,"Python, Pytorch, Ai, 최적화",서울 강남구 테헤란로27길 27 (역삼동) ,https://www.jobkorea.co.kr/Recruit/Co_Read/C/34732356,https://www.jobkorea.co.kr/Recruit/GI_Read/44642635?rPageCode=SL&logpath=21&sn=6,상시채용,상시채용
[커넥트파이클라우드] AI Engineer - ML Product,㈜야놀자,경력2년↑,학력무관,서울 강남구,정규직,,"서울 강남구 테헤란로114길 38 (대치동, 동일타워) .",https://www.jobkorea.co.kr/Recruit/Co_Read/C/41518459,https://www.jobkorea.co.kr/Recruit/GI_Read/44637486?rPageCode=SL&logpath=21&sn=6,2024.05.08(수),2024.06.07(금)
음성/오디오 서버 개발자,페르소나에이아이,경력3년↑,초대졸↑,서울 강남구,정규직,,"서울 강남구 삼성로 540 (삼성동, 빌딩브로모) 2층 페르소나AI",https://www.jobkorea.co.kr/Recruit/Co_Read/C/25845092,https://www.jobkorea.co.kr/Recruit/GI_Read/44633007?rPageCode=SL&logpath=21&sn=6,2024.05.08(수),2024.06.07(금)
(병역특례/전문연구요원) 체감형 컨텐츠 R&D 프로그래머 모집합니다. (PC/Unity/AI/영상처리),㈜셀빅,경력무관,학력무관,서울 금천구,병역특례,"AR, Python, Unity, 영상처리, opencv",서울 금천구 가산디지털2로 24 (가산동) YPP아르센타워 906호,https://www.jobkorea.co.kr/Recruit/Co_Read/C/112470,https://www.jobkorea.co.kr/Recruit/GI_Read/44634636?rPageCode=SL&logpath=21&sn=6,상시채용,상시채용
인공지능/최적설계 알고리즘 개발자 모집(전문연구요원 또는 정규직),㈜피도텍,경력무관,석사↑,서울 송파구,정규직 외,,"서울 송파구 법원로 114 (문정동, 엠스테이트) A동 310호",https://www.jobkorea.co.kr/Recruit/Co_Read/C/30965,https://www.jobkorea.co.kr/Recruit/GI_Read/44631356?rPageCode=SL&logpath=21&sn=6,2024.05.08(수),2024.06.07(금)
[Medipixel] Marketing PR Specialist,메디픽셀,경력3년↑,대졸↑,서울 강남구,정규직,기본우대관련 학과 전공자,"서울 강남구 테헤란로108길 22 (대치동, 서경빌딩) ",https://www.jobkorea.co.kr/Recruit/Co_Read/C/35234944,https://www.jobkorea.co.kr/Recruit/GI_Read/44617441?rPageCode=SL&logpath=21&sn=6,2024.05.07(화),2024.06.03(월)
"AI인공지능, 웹개발(자연어,SST,TTS, 리액트, 노드JS ) 강사 채용",㈜코드랩이앤티,경력2년↑,대졸↑,서울 금천구,계약직,"API, AWS, Docker, Git, JAVA, JPA, MariaDB, MongoDB, MSA",서울 금천구 가산디지털2로 144 (가산동) 현대테라타워 가산DK 20층,https://www.jobkorea.co.kr/Recruit/Co_Read/C/43065455,https://www.jobkorea.co.kr/Recruit/GI_Read/44619189?rPageCode=SL&logpath=21&sn=6,2024.05.07(화),2024.07.06(토)
AI 백엔드 개발자,㈜헤링스,경력4년↑,대졸↑,서울 강남구,정규직,,"서울 강남구 언주로 560 (역삼동, 화물재단빌딩) 14층",https://www.jobkorea.co.kr/Recruit/Co_Read/C/17431385,https://www.jobkorea.co.kr/Recruit/GI_Read/44626790?rPageCode=SL&logpath=21&sn=6,2024.05.07(화),2024.07.06(토)
[스타랩스] AI Engineer 채용,㈜스타랩스,신입·경력1년↑,대졸↑,서울 강남구,정규직,,"서울 강남구 테헤란로25길 6-9 (역삼동, 석암빌딩) (주)스타랩스",https://www.jobkorea.co.kr/Recruit/Co_Read/C/32178710,https://www.jobkorea.co.kr/Recruit/GI_Read/44627826?rPageCode=SL&logpath=21&sn=6,2024.05.07(화),2024.06.06(목)
[경력/신입] AI 개발자 특별 채용,㈜이노포스트,신입·경력3년↑,대졸↑,서울 서초구,정규직,"Python, Pytorch, Tensorflow, Scikit-Learn","서울 서초구 동광로 2 (방배동, 정태빌딩) 5층 이노포스트",https://www.jobkorea.co.kr/Recruit/Co_Read/C/32943093,https://www.jobkorea.co.kr/Recruit/GI_Read/44623805?rPageCode=SL&logpath=21&sn=6,2024.05.07(화),2024.07.06(토)
의료 텍스트 자연어처리(NLP) 딥러닝 연구원(전문연구요원 가능),㈜테서,경력무관,대졸↑,서울 강남구,정규직 외,기본우대영어가능자우대전공전산학·컴퓨터공학,"서울 강남구 언주로 544 (역삼동, 삼본빌딩) 4층",https://www.jobkorea.co.kr/Recruit/Co_Read/C/35350460,https://www.jobkorea.co.kr/Recruit/GI_Read/44612222?rPageCode=SL&logpath=21&sn=6,상시채용,상시채용
[코스닥 상장] 모니터랩 AI 개발자 채용,㈜모니터랩,경력3년↑,학력무관,서울 구로구,정규직,"GoLang, Python, Pytorch, Tensorflow, Go, Scikit-Learn","서울 구로구 디지털로27가길 27 (구로동, 아남빌딩) 8,9층",https://www.jobkorea.co.kr/Recruit/Co_Read/C/42924793,https://www.jobkorea.co.kr/Recruit/GI_Read/44605970?rPageCode=SL&logpath=21&sn=6,2024.05.03(금),2024.06.02(일)
정부과제(지원사업) 지원 연구원 및 선행기술 연구개발자 모집,㈜포딕스시스템,경력3년↑,대졸↑,서울 구로구,정규직,"Python, Linux, PowerPoint, 워드, OA, RCMS, 통합이지바로","서울 구로구 디지털로31길 38-9 (구로동, 에이스테크노타워1차) 301, 302호",https://www.jobkorea.co.kr/Recruit/Co_Read/C/12995407,https://www.jobkorea.co.kr/Recruit/GI_Read/44610243?rPageCode=SL&logpath=21&sn=6,2024.05.03(금),2024.06.02(일)
[광고사업부] 데이터 분석가 채용,㈜매드업,경력3년↑,대졸↑,서울 서초구,정규직,"Git, Google Analytics, Keras, Pytorch, Tensorflow, Tableau, POWER BI, Looker Studio, Generative AI","서울 서초구 서초대로74길 4 (서초동, 삼성생명서초타워) 20층",https://www.jobkorea.co.kr/Recruit/Co_Read/C/16429142,https://www.jobkorea.co.kr/Recruit/GI_Read/44590443?rPageCode=SL&logpath=21&sn=6,2024.05.02(목),2024.06.02(일)
미래 가치를 함께 할 AI Engineer 경력 모집,바이플㈜,경력2년↑,대졸↑,서울 강남구,정규직,"Pytorch, NLP, yolo, 챗GPT","서울 강남구 봉은사로 524 (삼성동, 코엑스인터콘티넨탈서울) B2 L120",https://www.jobkorea.co.kr/Recruit/Co_Read/C/27363056,https://www.jobkorea.co.kr/Recruit/GI_Read/44590729?rPageCode=SL&logpath=21&sn=6,2024.05.02(목),2024.06.01(토)
[AI음성기술기업] 연구개발 담당 정규직 채용(경력),㈜라피치,경력,고졸↑,서울 강남구,정규직,기본우대인근거주자,"서울 강남구 도곡로 115 (역삼동, 거암빌딩) 7층, 기업부설연구소",https://www.jobkorea.co.kr/Recruit/Co_Read/C/168280,https://www.jobkorea.co.kr/Recruit/GI_Read/44593181?rPageCode=SL&logpath=21&sn=6,상시채용,상시채용
[현대자동차 사내벤처 피트릭스] AI Engineer (AI 개발자),㈜피트릭스,경력5년↑,석사↑,서울 강남구,정규직,"Azure, Pytorch, Tensorflow, BigQuery, GitHub, Nginx, TensorRT","서울 강남구 강남대로 626 (신사동, 엠아이타워빌딩) 7층",https://www.jobkorea.co.kr/Recruit/Co_Read/C/32404160,https://www.jobkorea.co.kr/Recruit/GI_Read/44588255?rPageCode=SL&logpath=21&sn=6,2024.05.01(수),2024.05.31(금)
[4.5일제/엑스페릭스] 바이오인식/OCR 알고리즘 개발자 모집,㈜엑스페릭스,경력4년↑,대졸↑,서울 송파구,정규직,"C, C++, Python, OCR, 딥러닝, 알고리즘","서울 송파구 송파대로 201 (문정동, 송파테라타워2) ",https://www.jobkorea.co.kr/Recruit/Co_Read/C/37371607,https://www.jobkorea.co.kr/Recruit/GI_Read/44583372?rPageCode=SL&logpath=21&sn=6,상시채용,상시채용
아도스 ML Engineer 채용,㈜아도스,경력1년↑,대졸↑,서울 송파구,정규직,"Python, Pytorch, Tensorflow","서울 송파구 송파대로 167 (문정동, 문정역테라타워) B동 1021호",https://www.jobkorea.co.kr/Recruit/Co_Read/C/36311088,https://www.jobkorea.co.kr/Recruit/GI_Read/44583119?rPageCode=SL&logpath=21&sn=6,2024.04.30(화),2024.06.29(토)
[리콘랩스] 3D AI Researcher(박사급) 모집,㈜리콘랩스,경력무관,석사↑,서울 강남구,정규직,,서울 강남구 논현동 111,https://www.jobkorea.co.kr/Recruit/Co_Read/C/32337519,https://www.jobkorea.co.kr/Recruit/GI_Read/44567867?rPageCode=SL&logpath=21&sn=6,2024.04.29(월),2024.06.28(금)
[병역특례(보충역)]글로벌 R&D센터 연구원 모집합니다.,㈜비젼인,경력무관,학력무관,서울 금천구,병역특례,Python,"서울 금천구 디지털로 121 (가산동, 에이스가산타워) 501호",https://www.jobkorea.co.kr/Recruit/Co_Read/C/18117464,https://www.jobkorea.co.kr/Recruit/GI_Read/44569420?rPageCode=SL&logpath=21&sn=6,상시채용,상시채용
딥러닝 엔지니어 채용,㈜딥핑소스,경력3년↑,대졸↑,서울 강남구,정규직,,"서울 강남구 언주로 508 (역삼동, 공무원연금공단) 3층, 5층 딥핑소스",https://www.jobkorea.co.kr/Recruit/Co_Read/C/34024669,https://www.jobkorea.co.kr/Recruit/GI_Read/44572216?rPageCode=SL&logpath=21&sn=6,상시채용,상시채용
Linux시스템 개발자 채용,㈜경우시스테크,경력무관,학력무관,서울 금천구,정규직,"Ajax, C, C++, JAVA, MySQL, SQL, Linux, AutoCAD, CAD, 영어","서울 금천구 디지털로9길 68 (가산동, 대륭포스트타워 5차) 4층 전층",https://www.jobkorea.co.kr/Recruit/Co_Read/C/290709,https://www.jobkorea.co.kr/Recruit/GI_Read/44566948?rPageCode=SL&logpath=21&sn=6,상시채용,상시채용
펌웨어 개발자 채용,㈜경우시스테크,경력3년↑,학력무관,서울 금천구,정규직,"Ajax, C, C++, JAVA, MySQL, SQL, Linux, AutoCAD, CAD","서울 금천구 디지털로9길 68 (가산동, 대륭포스트타워 5차) 4층 전층",https://www.jobkorea.co.kr/Recruit/Co_Read/C/290709,https://www.jobkorea.co.kr/Recruit/GI_Read/44566965?rPageCode=SL&logpath=21&sn=6,상시채용,상시채용
C/C++/WPF 전문개발자 모집,㈜비젼인,경력무관,학력무관,서울 금천구,정규직,Python,"서울 금천구 디지털로 121 (가산동, 에이스가산타워) 501호",https://www.jobkorea.co.kr/Recruit/Co_Read/C/18117464,https://www.jobkorea.co.kr/Recruit/GI_Read/44569403?rPageCode=SL&logpath=21&sn=6,상시채용,상시채용
"[구로지점,AI 초분광 솔루션] AI 연구원 채용(박사)",㈜엘로이랩,경력,석사↑,서울 구로구,정규직,"꼼꼼함, 성장지향성,                                     성실성, 성취지향성","서울 구로구 디지털로30길 28 (구로동, 마리오타워) 506호",https://www.jobkorea.co.kr/Recruit/Co_Read/C/32156125,https://www.jobkorea.co.kr/Recruit/GI_Read/44549008?rPageCode=SL&logpath=21&sn=6,2024.04.25(목),2024.05.25(토)
"[테크빌교육] 웹개발 및 운영업무 팀장급 채용(Java, Python)",테크빌교육㈜,경력8년↑,학력무관,서울 강남구,정규직,"성실성, 꼼꼼함,                                     협동심","서울 강남구 언주로 551 (역삼동) 프라자빌딩 5, 6, 8층 테크빌교육",https://www.jobkorea.co.kr/Recruit/Co_Read/C/3728,https://www.jobkorea.co.kr/Recruit/GI_Read/44549143?rPageCode=SL&logpath=21&sn=6,2024.04.25(목),2024.05.25(토)
국가 R&D 연구과제 시스템개발 연구원 채용,㈜애니파이브,경력,대졸↑,서울 구로구,정규직,"EJB, JAVA, PL/SQL, RDBMS, WAS, DRM, 전자정부표준프레임워크, 정보처리기사 자격",서울 구로구 구로3동 212-8 대륭포스트타워1차 1603호,https://www.jobkorea.co.kr/Recruit/Co_Read/C/16692,https://www.jobkorea.co.kr/Recruit/GI_Read/44549123?rPageCode=SL&logpath=21&sn=6,2024.04.25(목),2024.05.25(토)
[SICT] RPA 개발자 및 PM/PL 채용,㈜에스아이시티,경력5년↑,초대졸↑,서울 강남구,정규직,"C#, HTML, JAVA, Python, VB.NET, VisualBasic",서울 강남구 강남대로146길 25 (논현동) 3층,https://www.jobkorea.co.kr/Recruit/Co_Read/C/30989816,https://www.jobkorea.co.kr/Recruit/GI_Read/44544488?rPageCode=SL&logpath=21&sn=6,2024.04.25(목),2024.05.25(토)
신입사원 AI모델 연구개발자 채용,㈜딥인스펙션,경력3년↑,대졸↑,서울 송파구,정규직,"C++, Python","서울 송파구 법원로11길 25 (문정동, 에이치비지니스파크) A동 13층",https://www.jobkorea.co.kr/Recruit/Co_Read/C/17118136,https://www.jobkorea.co.kr/Recruit/GI_Read/44548245?rPageCode=SL&logpath=21&sn=6,상시채용,상시채용
[SICT] RPA 개발자 채용,㈜에스아이시티,경력1년↑,초대졸↑,서울 강남구,정규직,"C#, HTML, JAVA, Python, VB.NET, VisualBasic",서울 강남구 강남대로146길 25 (논현동) 3층,https://www.jobkorea.co.kr/Recruit/Co_Read/C/30989816,https://www.jobkorea.co.kr/Recruit/GI_Read/44544481?rPageCode=SL&logpath=21&sn=6,2024.04.25(목),2024.05.25(토)
[AI음성기술기업] 기업부설연구소 전문연구요원 채용(병역특례),㈜라피치,경력무관,석사↑,서울 강남구,정규직,기본우대인근거주자,"서울 강남구 도곡로 115 (역삼동, 거암빌딩) 7층, 기업부설연구소",https://www.jobkorea.co.kr/Recruit/Co_Read/C/168280,https://www.jobkorea.co.kr/Recruit/GI_Read/44551075?rPageCode=SL&logpath=21&sn=6,상시채용,상시채용
"[구로지점,AI 초분광 솔루션] AI연구소 AI Engineer 채용(C++/영상처리/MFC/경력)",㈜엘로이랩,경력,대졸↑,서울 구로구,정규직,"꼼꼼함, 성장지향성,                                     성실성, 성취지향성","서울 구로구 디지털로30길 28 (구로동, 마리오타워) 506호",https://www.jobkorea.co.kr/Recruit/Co_Read/C/32156125,https://www.jobkorea.co.kr/Recruit/GI_Read/44549017?rPageCode=SL&logpath=21&sn=6,2024.04.25(목),2024.06.24(월)
[코스닥상장사] 영상화질개선 기술개발,㈜포바이포,경력2년↑,학력무관,서울 서초구,정규직,,"서울 서초구 강남대로 479 (반포동, 신논현타워) ",https://www.jobkorea.co.kr/Recruit/Co_Read/C/23108461,https://www.jobkorea.co.kr/Recruit/GI_Read/44538045?rPageCode=SL&logpath=21&sn=6,2024.04.24(수),2024.06.23(일)
[경력·전문연] 딥러닝/머신러닝 개발자 채용(내일채움공제가능),㈜아이넷캅,신입·경력1년↑,대졸↑,서울 송파구,정규직 외,"Python, R",서울 송파구 송파대로 201 (문정동) A동 1309 ∽ 1312호(송파테라타워2),https://www.jobkorea.co.kr/Recruit/Co_Read/C/42084,https://www.jobkorea.co.kr/Recruit/GI_Read/44533037?rPageCode=SL&logpath=21&sn=6,2024.04.24(수),2024.06.21(금)
멀티모달 엔지니어 채용,로민,경력5년↑,대졸↑,서울 서초구,정규직,"OpenCV, Python, Pytorch, Tensorflow, detectron2, onnx, mmdetection, AdelaiDet",서울 서초구 방배천로2길 10 (방배동) 7층,https://www.jobkorea.co.kr/Recruit/Co_Read/C/34673566,https://www.jobkorea.co.kr/Recruit/GI_Read/44522135?rPageCode=SL&logpath=21&sn=6,2024.04.22(월),2024.05.31(금)
MLOps 정규직 채용,㈜엠트리센,경력3년↑,대졸↑,서울 강남구,정규직,,"서울 강남구 테헤란로77길 13 (삼성동, 창조빌딩) 10층",https://www.jobkorea.co.kr/Recruit/Co_Read/C/33952779,https://www.jobkorea.co.kr/Recruit/GI_Read/44529353?rPageCode=SL&logpath=21&sn=6,상시채용,상시채용
AI 리서치 엔지니어 [전문연구요원],에버엑스㈜,경력2년↑,학력무관,서울 서초구,정규직,"Python, Pytorch, Tensorflow","서울 서초구 서리풀길 29-7 (서초동, 서초시윤) 에버엑스",https://www.jobkorea.co.kr/Recruit/Co_Read/C/31993622,https://www.jobkorea.co.kr/Recruit/GI_Read/44529077?rPageCode=SL&logpath=21&sn=6,상시채용,상시채용
멀티모달 LLM 총괄자 모집,㈜브이알크루,경력5년↑,박사↑,서울 강남구,정규직,,"서울 강남구 삼성로75길 32-11 (대치동, 대산빌딩) 4층",https://www.jobkorea.co.kr/Recruit/Co_Read/C/38008387,https://www.jobkorea.co.kr/Recruit/GI_Read/44481823?rPageCode=SL&logpath=21&sn=6,2024.04.17(수),2024.06.16(일)
기업부설연구소 Linux & Yocto 채용,에스디티 주식회사,경력3년↑,초대졸↑,서울 강남구,정규직,기본우대관련 학과 전공자우대전공기계·메카트로닉스·로봇,서울 강남구 테헤란로44길 5 (역삼동) 대아빌딩 10층,https://www.jobkorea.co.kr/Recruit/Co_Read/C/32955045,https://www.jobkorea.co.kr/Recruit/GI_Read/44457811?rPageCode=SL&logpath=21&sn=6,2024.04.15(월),2024.05.31(금)
"[FAVIS] 머신비전 시스템제어 및 개발 부문 S/W 프로그램 엔지니어, C/S 엔지니어 상시모집",㈜파비스,경력무관,학력무관,서울 금천구,정규직,"C#, C++, 영어회화, 1종보통운전면허, 2종보통운전면허, 운전면허, 컴퓨터활용능력","서울 금천구 가산디지털1로 233 (가산동, 에이스하이엔드타워9차) 910호",https://www.jobkorea.co.kr/Recruit/Co_Read/C/37650,https://www.jobkorea.co.kr/Recruit/GI_Read/44494973?rPageCode=SL&logpath=21&sn=6,2024.04.18(목),2024.06.17(월)
멀티모달 LLM 연구원 모집,㈜브이알크루,경력2년↑,석사↑,서울 강남구,정규직,,"서울 강남구 삼성로75길 32-11 (대치동, 대산빌딩) 4층",https://www.jobkorea.co.kr/Recruit/Co_Read/C/38008387,https://www.jobkorea.co.kr/Recruit/GI_Read/44481177?rPageCode=SL&logpath=21&sn=6,2024.04.17(수),2024.06.16(일)
AI 소프트웨어 엔지니어,에버엑스㈜,경력2년↑,학력무관,서울 서초구,정규직,"Python, Pytorch, Tensorflow","서울 서초구 서리풀길 29-7 (서초동, 서초시윤) 에버엑스",https://www.jobkorea.co.kr/Recruit/Co_Read/C/31993622,https://www.jobkorea.co.kr/Recruit/GI_Read/44528661?rPageCode=SL&logpath=21&sn=6,상시채용,상시채용
자율주행시스템 개발경력자 채용,㈜와이즈오토모티브,경력,학력무관,서울 서초구,정규직,"C++, Python, ADAS, Autosar, DL, ROS, SLAM",서울 서초구 반포대로3길 31 (서초동) 와이즈빌딩,https://www.jobkorea.co.kr/Recruit/Co_Read/C/37866,https://www.jobkorea.co.kr/Recruit/GI_Read/44438477?rPageCode=SL&logpath=21&sn=6,상시채용,상시채용
AI Engineer 경력자 채용,㈜인디비정보시스템,경력2년↑,학력무관,서울 금천구,계약직,,"서울 금천구 가산디지털1로 75-15 (가산동, 가산하우스디와이즈타워) 726호",https://www.jobkorea.co.kr/Recruit/Co_Read/C/31390523,https://www.jobkorea.co.kr/Recruit/GI_Read/44409359?rPageCode=SL&logpath=21&sn=6,2024.04.08(월),2024.06.07(금)
모델링 이미지 프로세싱 개발 구인 합니다.,㈜이엑서비션,경력2년↑,초대졸↑,서울 강남구,정규직,"Keras, Pandas, Python, Pytorch, Scipy, Tensorflow","서울 강남구 봉은사로114길 30-5 (삼성동, 평화빌딩) 205호",https://www.jobkorea.co.kr/Recruit/Co_Read/C/32055377,https://www.jobkorea.co.kr/Recruit/GI_Read/44301747?rPageCode=SL&logpath=21&sn=6,상시채용,상시채용
머신 러닝 엔지니어 정규직 채용,㈜엠트리센,경력3년↑,대졸↑,서울 강남구,정규직,,"서울 강남구 테헤란로77길 13 (삼성동, 창조빌딩) 10층",https://www.jobkorea.co.kr/Recruit/Co_Read/C/33952779,https://www.jobkorea.co.kr/Recruit/GI_Read/44529086?rPageCode=SL&logpath=21&sn=6,상시채용,상시채용
[착한의사 비바이노베이션] 정부 R&D 연구원,비바이노베이션,경력1년↑,대졸↑,서울 강남구,정규직,,서울 강남구 논현로87길 19 (역삼동) ,https://www.jobkorea.co.kr/Recruit/Co_Read/C/25727030,https://www.jobkorea.co.kr/Recruit/GI_Read/44530507?rPageCode=SL&logpath=21&sn=6,2024.04.23(화),2024.06.22(토)
이미징(화질) 튜닝 포지션 집중 채용,㈜트루엔,경력무관,학력무관,서울 구로구,정규직,,"서울 구로구 디지털로33길 28 (구로동, 우림이비지센터1차) 트루엔",https://www.jobkorea.co.kr/Recruit/Co_Read/C/114344,https://www.jobkorea.co.kr/Recruit/GI_Read/44322611?rPageCode=SL&logpath=21&sn=6,2024.03.27(수),2024.05.26(일)
기업부설연구소 MCU F/W 개발(경력직) 채용,에스디티 주식회사,경력3년↑,초대졸↑,서울 강남구,정규직,기본우대관련 학과 전공자우대전공기계·메카트로닉스·로봇,서울 강남구 테헤란로44길 5 (역삼동) 대아빌딩 10층,https://www.jobkorea.co.kr/Recruit/Co_Read/C/32955045,https://www.jobkorea.co.kr/Recruit/GI_Read/44306044?rPageCode=SL&logpath=21&sn=6,2024.03.25(월),2024.05.24(금)
[텔코웨어] Media Server 개발 경력사원 채용공고,텔코웨어㈜,경력5년↑,대졸↑,서울 서초구,정규직,"C, C++, MariaDB, PostgreSQL, Window, Linux, Network Socket",서울 서초구 서초3동 1708-2 텔코웨어빌딩,https://www.jobkorea.co.kr/Recruit/Co_Read/C/156380,https://www.jobkorea.co.kr/Recruit/GI_Read/44324698?rPageCode=SL&logpath=21&sn=6,상시채용,상시채용
데이터표준품질부문 경력채용 (정규직),㈜한국정보기술단,경력3년↑,대졸↑,서울 서초구 외,정규직,"MSSQL, MySQL, Python, R, SQL","서울 서초구 방배로 132 (방배동, 장산빌딩) 6층",https://www.jobkorea.co.kr/Recruit/Co_Read/C/30461587,https://www.jobkorea.co.kr/Recruit/GI_Read/44409367?rPageCode=SL&logpath=21&sn=6,상시채용,상시채용
[디엠씨미디어] A.I. 서비스 연구 및 개발 경력 채용,㈜디엠씨미디어,경력3년↑,대졸↑,서울 강남구,정규직,기본우대장애인,"서울 강남구 학동로 401 (청담동, 금하빌딩) 5층 DMC미디어",https://www.jobkorea.co.kr/Recruit/Co_Read/C/4431,https://www.jobkorea.co.kr/Recruit/GI_Read/44373519?rPageCode=SL&logpath=21&sn=6,2024.04.02(화),2024.05.31(금)
"[구로지점, 병역특례(전문연구요원)] AI 연구원 채용",㈜엘로이랩,신입·경력,석사↑,서울 구로구,병역특례,"꼼꼼함, 성장지향성,                                     성실성, 성취지향성","서울 구로구 디지털로30길 28 (구로동, 마리오타워) 506호",https://www.jobkorea.co.kr/Recruit/Co_Read/C/32156125,https://www.jobkorea.co.kr/Recruit/GI_Read/44377676?rPageCode=SL&logpath=21&sn=6,2024.04.03(수),2024.06.02(일)
유능한 개발자 모십니다.,㈜엘젠,경력7년↑,초대졸↑,서울 강남구,정규직,"JAVA, Python, 풀스택, NLU, LLM","서울 강남구 역삼로 165 (역삼동, 해성빌딩) 3층",https://www.jobkorea.co.kr/Recruit/Co_Read/C/17711960,https://www.jobkorea.co.kr/Recruit/GI_Read/44491767?rPageCode=SL&logpath=21&sn=6,2024.04.18(목),2024.06.17(월)
"머신 비전 프로그램 개발자 모집 (딥러닝, 이미지 프로세싱, 시스템 제어, C++ / 신입 및 경력)",㈜지브이랩,경력1년↑,학력무관,서울 금천구,정규직,"C, C++, OpenCV, CUDA","서울 금천구 가산디지털1로 171 (가산동, 가산에스케이브이원센터) 506호",https://www.jobkorea.co.kr/Recruit/Co_Read/C/27982680,https://www.jobkorea.co.kr/Recruit/GI_Read/44420803?rPageCode=SL&logpath=21&sn=6,2024.04.09(화),2024.06.08(토)
에너자이 AI 컴파일러 엔지니어 채용 공고 (전문연구요원 가능),에너자이,경력무관,학력무관,서울 강남구,정규직 외,"C, C++, Pytorch, Scala, Tensorflow, F#, haskell, Optimizing ML, vision algorithm on DSP, vision algorithm on NPU",서울 강남구 테헤란로27길 27 (역삼동) ,https://www.jobkorea.co.kr/Recruit/Co_Read/C/34732356,https://www.jobkorea.co.kr/Recruit/GI_Read/44322610?rPageCode=SL&logpath=21&sn=6,상시채용,상시채용
AI 리서치 엔지니어,에버엑스㈜,경력2년↑,학력무관,서울 서초구,정규직,"Python, Pytorch, Tensorflow","서울 서초구 서리풀길 29-7 (서초동, 서초시윤) 에버엑스",https://www.jobkorea.co.kr/Recruit/Co_Read/C/31993622,https://www.jobkorea.co.kr/Recruit/GI_Read/44529095?rPageCode=SL&logpath=21&sn=6,상시채용,상시채용
[AInation] 인공지능 데이터 사이언티스트 모집 (경력),㈜에이아이네이션,경력3년↑,학력무관,서울 서초구,정규직,"Python, Pytorch, SQL, Tensorflow","서울 서초구 매헌로 16 (양재동, 하이브랜드) 리빙관 3층 (양재 AI 혁신 지구)",https://www.jobkorea.co.kr/Recruit/Co_Read/C/36318288,https://www.jobkorea.co.kr/Recruit/GI_Read/44421363?rPageCode=SL&logpath=21&sn=6,상시채용,상시채용
[젠티] 인공지능(AI) 엔지니어 모집(병역특례 전문연구요원 포함),㈜젠티,경력,대졸↑,서울 구로구,정규직 외,"AWS, Python, Pytorch, SQL, GitHub","서울 구로구 디지털로 273 (구로동, 에이스트윈타워2차) 508호",https://www.jobkorea.co.kr/Recruit/Co_Read/C/31940528,https://www.jobkorea.co.kr/Recruit/GI_Read/44488519?rPageCode=SL&logpath=21&sn=6,상시채용,상시채용
클라우드 구축 및 운영 엔지니어 인재 채용,디딤365㈜,경력2년↑,초대졸↑,서울 구로구,정규직,"Python, Window, Linux",서울 구로구 디지털로26길 43 (구로동) 대륭포스트타워 8차 R동 12층,https://www.jobkorea.co.kr/Recruit/Co_Read/C/187341,https://www.jobkorea.co.kr/Recruit/GI_Read/44481133?rPageCode=SL&logpath=21&sn=6,상시채용,상시채용
에너자이 ML Engineer/Researcher 채용 공고 (전문연구요원 가능),에너자이,경력무관,학력무관,서울 강남구,정규직 외,"Keras, Python, Pytorch, Tensorflow, NAS, network compression",서울 강남구 테헤란로27길 27 (역삼동) ,https://www.jobkorea.co.kr/Recruit/Co_Read/C/34732356,https://www.jobkorea.co.kr/Recruit/GI_Read/44521068?rPageCode=SL&logpath=21&sn=6,상시채용,상시채용
[뉴냅스] AI 개발자 채용 공고,㈜뉴냅스,경력무관,대졸↑,서울 송파구,정규직,우대전공전산학·컴퓨터공학,"서울 송파구 올림픽로43길 88 (풍납동, 서울아산병원) 아산생명과학연구원 융합연구관 11층 1호",https://www.jobkorea.co.kr/Recruit/Co_Read/C/23585559,https://www.jobkorea.co.kr/Recruit/GI_Read/44519732?rPageCode=SL&logpath=21&sn=6,상시채용,상시채용
(빅데이터/AI/파이썬/자바/C#/PLC/유니티) 멘토(훈련보조강사) 채용,㈜코드랩이앤티,경력무관,대졸↑,서울 금천구,정규직 외,"API, AWS, Docker, Git, JAVA, JPA, MariaDB, MongoDB, MSA",서울 금천구 가산디지털2로 144 (가산동) 현대테라타워 가산DK 20층,https://www.jobkorea.co.kr/Recruit/Co_Read/C/43065455,https://www.jobkorea.co.kr/Recruit/GI_Read/44426091?rPageCode=SL&logpath=21&sn=6,2024.04.09(화),2024.06.08(토)
AI 개발자,㈜비지언스,경력1년↑,대졸↑,서울 금천구,정규직 외,Python,서울 금천구 가산디지털2로 101 (가산동) 비동 1411호,https://www.jobkorea.co.kr/Recruit/Co_Read/C/18275774,https://www.jobkorea.co.kr/Recruit/GI_Read/44354351?rPageCode=SL&logpath=21&sn=6,2024.04.01(월),2024.05.31(금)
AI 모델링 / 데이터 분석,에쓰오씨소프트㈜,경력3년↑,초대졸↑,서울 구로구,정규직,"Keras, Tensorflow",서울 구로구 구로동 235번지 한신IT타워 704,https://www.jobkorea.co.kr/Recruit/Co_Read/C/51797,https://www.jobkorea.co.kr/Recruit/GI_Read/44336132?rPageCode=SL&logpath=21&sn=6,2024.03.28(목),2024.05.27(월)
[모빌테크] SLAM & Computer Vision 연구원 모집 (신입/경력),모빌테크,신입·경력2년↑,대졸↑,서울 서초구,정규직,"C++, Python, Pytorch, Tensorflow","서울 서초구 마방로4길 16-9 (양재동, 삼보빌딩) ",https://www.jobkorea.co.kr/Recruit/Co_Read/C/21588579,https://www.jobkorea.co.kr/Recruit/GI_Read/44502868?rPageCode=SL&logpath=21&sn=6,2024.04.19(금),2024.06.18(화)
[SC301의원 삼성동/코엑스] 성형외과 AI엔지니어/개발자(경력자)를 모십니다.,에스씨301의원,경력,초대졸↑,서울 강남구,정규직,".Net, ASP, Ajax, Android, ASP.NET, EJB, HTML, JAVA, JSP, Python","서울 강남구 삼성동 77-9번지 찬앤찬타워 3층,4층",https://www.jobkorea.co.kr/Recruit/Co_Read/C/12987166,https://www.jobkorea.co.kr/Recruit/GI_Read/44409886?rPageCode=SL&logpath=21&sn=6,2024.04.08(월),2024.05.31(금)
[RPA] Brity RPA 운영/개발 모집,㈜단솔플러스,경력무관,초대졸↑,서울 강남구,정규직,"C#, Javascript, VB.NET, Excel","서울 강남구 강남대로 358 (역삼동, 강남358타워) 18층",https://www.jobkorea.co.kr/Recruit/Co_Read/C/27214,https://www.jobkorea.co.kr/Recruit/GI_Read/44359436?rPageCode=SL&logpath=21&sn=6,상시채용,상시채용
"[기쁨병원] AI 개발자 및 모바일 앱 개발자, 병원 전산 개발/운영",기쁨병원,경력,학력무관,서울 서초구,정규직,기본우대관련 자격증 보유자,서울 서초구 서초중앙로 4 (서초동) 기쁨병원빌딩,https://www.jobkorea.co.kr/Recruit/Co_Read/C/656,https://www.jobkorea.co.kr/Recruit/GI_Read/44489007?rPageCode=SL&logpath=21&sn=6,2024.04.18(목),2024.06.17(월)
[딥브레인AI] 딥러닝 연구원 / 엔지니어 모집 (전문연구요원 가능),딥브레인 AI,신입·경력,석사↑,서울 강남구,정규직,"C, C#, C++, JAVA, Python, C++Builder",서울 강남구 역삼로7길 6 (역삼동) 딥브레인 AI,https://www.jobkorea.co.kr/Recruit/Co_Read/C/18673403,https://www.jobkorea.co.kr/Recruit/GI_Read/44408834?rPageCode=SL&logpath=21&sn=6,상시채용,상시채용
System 엔지니어 (SE) 부문 담당자 채용,아크로노드,신입·경력,초대졸↑,서울 금천구,정규직,"SQL, Tomcat, WAS, Window, Linux","서울 금천구 디지털로9길 65 (가산동, 백상스타타워1차) 904호",https://www.jobkorea.co.kr/Recruit/Co_Read/C/21802593,https://www.jobkorea.co.kr/Recruit/GI_Read/44378764?rPageCode=SL&logpath=21&sn=6,2024.04.03(수),2024.06.02(일)
[(주)뷰브레인헬스케어] 인공지능 리서처(의료영상) 채용,㈜뷰브레인헬스케어,경력무관,대졸↑,서울 강남구,정규직,"Keras, Python, Pytorch, Tensorflow, CNN, CT, CUDA, DL, EMR, MRI","서울 강남구 학동로 314 (논현동, 영남빌딩) 2층",https://www.jobkorea.co.kr/Recruit/Co_Read/C/41882947,https://www.jobkorea.co.kr/Recruit/GI_Read/44529151?rPageCode=SL&logpath=21&sn=6,상시채용,상시채용
Machine Learning Engineer (전문연구요원 현역/보충역),주식회사 데이블,신입,대졸↑,서울 강남구,정규직,"AWS, kubernetes, Python, Pytorch, Spark, SQL, Fastapi, Ray, MLOps","서울 강남구 테헤란로 507 (삼성동, WeWork빌딩) 4층 데이블",https://www.jobkorea.co.kr/Recruit/Co_Read/C/19717466,https://www.jobkorea.co.kr/Recruit/GI_Read/44435115?rPageCode=SL&logpath=21&sn=6,상시채용,상시채용
카운트다운AI Gen AI 개발자,㈜카운트다운에이아이,경력무관,대졸↑,서울 강남구,정규직,"API, Docker, MySQL, Python, Pytorch, Cloud, CNN, CUDA, DL, GAN","서울 강남구 테헤란로 151 (역삼동, 역삼하이츠빌딩) 패스트파이브 역삼 3호점 5층",https://www.jobkorea.co.kr/Recruit/Co_Read/C/43695639,https://www.jobkorea.co.kr/Recruit/GI_Read/44393464?rPageCode=SL&logpath=21&sn=6,2024.04.05(금),2024.06.04(화)
"[딥브레인 AI] 전문연구요원, 산업기능요원 채용",딥브레인 AI,신입,대졸↑,서울 강남구,병역특례,,서울 강남구 역삼로7길 6 (역삼동) 딥브레인AI,https://www.jobkorea.co.kr/Recruit/Co_Read/C/18673403,https://www.jobkorea.co.kr/Recruit/GI_Read/44517307?rPageCode=SL&logpath=21&sn=6,상시채용,상시채용
AI 임베디드 IoT 신입/경력 사원 모집,㈜에스에이치엘에이비,신입·경력,대졸↑,서울 강남구,정규직,"Keras, Python, Pytorch, Tensorflow, 라즈베리파이","서울 강남구 테헤란로87길 36 (삼성동, 도심공항타워) 1207호",https://www.jobkorea.co.kr/Recruit/Co_Read/C/37746848,https://www.jobkorea.co.kr/Recruit/GI_Read/44479375?rPageCode=SL&logpath=21&sn=6,상시채용,상시채용
[경력/신입] 공공데이터 및 데이터기반 행정 유경험자 특별 채용,㈜이노포스트,신입·경력3년↑,대졸↑,서울 서초구,정규직,"Hadoop, SQL, BigQuery, DBMS, JSON, 정보처리기사 자격","서울 서초구 동광로 2 (방배동, 정태빌딩) 5층 이노포스트",https://www.jobkorea.co.kr/Recruit/Co_Read/C/32943093,https://www.jobkorea.co.kr/Recruit/GI_Read/44527723?rPageCode=SL&logpath=21&sn=6,2024.04.23(화),2024.06.22(토)
서비스 / 솔루션 / 플랫폼 기획/PM,㈜인피닉,신입·경력,대졸↑,서울 강남구,정규직,"PowerPoint, OA, 와이어프레임, 컴퓨터활용능력",서울 강남구 강남대로84길 13 (역삼동) KR타워,https://www.jobkorea.co.kr/Recruit/Co_Read/C/16020,https://www.jobkorea.co.kr/Recruit/GI_Read/44462062?rPageCode=SL&logpath=21&sn=6,2024.04.15(월),2024.06.14(금)
주차공간분석 영상 AI 개발자 채용,㈜파킹고,신입·경력3년↑,대졸↑,서울 금천구,정규직,"C#, Python, Pytorch, Tensorflow, ML/DL, Object Detection","서울 금천구 가산디지털1로 19 (가산동, 대륭테크노타운18차) 1203호",https://www.jobkorea.co.kr/Recruit/Co_Read/C/31304867,https://www.jobkorea.co.kr/Recruit/GI_Read/44447235?rPageCode=SL&logpath=21&sn=6,2024.04.12(금),2024.06.11(화)
"소프트웨어(Android, Linux) 개발자 모집",㈜마르시스,신입·경력,대졸↑,서울 강남구,정규직 외,"Android, C, C++, JAVA, Kotlin, Linux, 임베디드리눅스, Android Studio, 임베디드 하드웨어",서울 강남구 역삼동 721번지 서원빌딩 2층~6층,https://www.jobkorea.co.kr/Recruit/Co_Read/C/45233,https://www.jobkorea.co.kr/Recruit/GI_Read/44333018?rPageCode=SL&logpath=21&sn=6,2024.03.28(목),2024.05.24(금)
특허/상표 데이터 등 분석(Python) 및 사업 기획 신규/경력 모집 - 정규직,마크클라우드,신입·경력,대졸↑,서울 강남구,정규직,Python,"서울 강남구 테헤란로70길 14-8 (대치동, 세왕개발빌딩) 4층",https://www.jobkorea.co.kr/Recruit/Co_Read/C/38343240,https://www.jobkorea.co.kr/Recruit/GI_Read/44408219?rPageCode=SL&logpath=21&sn=6,2024.04.08(월),2024.06.07(금)
2024년 (주)더캐리 IT인력 (정보혁신부) 전 부문 공개채용,㈜더캐리,신입·경력,대졸↑,서울 강남구 외,정규직,"Flutter, JAVA, Oracle, Python, React, TypeScript, Figma, Next.js, SpringBoot, Langchain",서울 용산구 이태원로 241 (한남동) 한남빌딩 2~5층,https://www.jobkorea.co.kr/Recruit/Co_Read/C/13784963,https://www.jobkorea.co.kr/Recruit/GI_Read/44459279?rPageCode=SL&logpath=21&sn=6,2024.04.15(월),2024.06.14(금)
[IT취업연계과정]JAVA/프론트엔드/풀스택/백엔드 자바개발자취업교육과정/ IT취업 컨설팅,㈜에이콘아카데미,신입·경력,고졸↑,서울,연수생/교육생,"CSS, HTML, JAVA, Javascript, SQL, 풀스택, 자바스크립트, 자바, 직업훈련, 취업연계, 취업교육","서울 강남구 테헤란로 124 (역삼동, 삼원타워) 501호",https://www.jobkorea.co.kr/Recruit/Co_Read/C/15961890,https://www.jobkorea.co.kr/Recruit/GI_Read/44670179?rPageCode=SL&logpath=21&sn=6,2024.05.13(월),2024.05.31(금)
[IT취업률100프로]AIoT/AWS/풀스택개발(무료숙식교육/비전공자가능/수도권기숙)국비무료 취준생 선착순 모집,㈜세종교육,신입,학력무관,서울 강남구 외,연수생/교육생,,경기 성남시 수정구 태평2동 3408번지 5층,https://www.jobkorea.co.kr/Recruit/Co_Read/C/189368,https://www.jobkorea.co.kr/Recruit/GI_Read/44597437?rPageCode=SL&logpath=21&sn=6,상시채용,상시채용
[국비지원 무료교육] 챗GPT(AI) 마케팅 실무 훈련생 모집,동대문여성인력개발센터,신입,초대졸↑,서울 강남구 외,연수생/교육생,,홈페이지 참고,https://www.jobkorea.co.kr/Recruit/Co_Read/C/18297771,https://www.jobkorea.co.kr/Recruit/GI_Read/44607544?rPageCode=SL&logpath=21&sn=6,2024.05.07(화),2024.06.05(수)
